-- =====================================================
-- COMPREHENSIVE SEED DATABASE WITH FAKE USERS & BLOG POSTS
-- Run this in Supabase SQL Editor
-- =====================================================

-- This version creates fake auth.users AND profiles, then associates blog posts with them
-- This provides a more realistic data structure with diverse authors

DO $$
DECLARE
  -- Declare user IDs for our fake users
  sarah_user_id UUID := gen_random_uuid();
  michael_user_id UUID := gen_random_uuid();
  emily_user_id UUID := gen_random_uuid();
  david_user_id UUID := gen_random_uuid();
  alex_user_id UUID := gen_random_uuid();
  lisa_user_id UUID := gen_random_uuid();
  
  -- Get nanopro's user_id if it exists
  nanopro_user_id UUID;
BEGIN

  -- Check if nanopro exists
  SELECT user_id INTO nanopro_user_id 
  FROM public.profiles 
  WHERE username = 'nanopro' 
  LIMIT 1;

  -- Clear existing fake data first
  DELETE FROM public.blog_posts WHERE title IN (
    'The Future of Web Development: Trends to Watch in 2024',
    'Building Scalable React Applications: Best Practices',
    'Design Systems: Creating Consistency at Scale',
    'The Art of Remote Team Management',
    'TypeScript Tips for Better Code Quality',
    'Mindful Productivity: Working Smarter, Not Harder'
  );

  -- Delete fake profiles (but keep nanopro)
  DELETE FROM public.profiles WHERE username IN (
    'sarah_chen', 'michael_rodriguez', 'emily_watson', 
    'david_kim', 'alex_johnson', 'lisa_martinez'
  );

  -- Temporarily disable foreign key constraints for auth.users inserts
  SET session_replication_role = replica;

  -- Insert fake users into auth.users (this is normally handled by Supabase Auth)
  INSERT INTO auth.users (
    id, instance_id, email, encrypted_password, 
    email_confirmed_at, created_at, updated_at, 
    raw_user_meta_data, confirmation_token
  ) VALUES
  (sarah_user_id, '00000000-0000-0000-0000-000000000000', 'sarah.chen@example.com', 
   crypt('password123', gen_salt('bf')), now(), now(), now(), 
   '{"username": "sarah_chen", "display_name": "Sarah Chen"}', ''),
  (michael_user_id, '00000000-0000-0000-0000-000000000000', 'michael.rodriguez@example.com', 
   crypt('password123', gen_salt('bf')), now(), now(), now(), 
   '{"username": "michael_rodriguez", "display_name": "Michael Rodriguez"}', ''),
  (emily_user_id, '00000000-0000-0000-0000-000000000000', 'emily.watson@example.com', 
   crypt('password123', gen_salt('bf')), now(), now(), now(), 
   '{"username": "emily_watson", "display_name": "Emily Watson"}', ''),
  (david_user_id, '00000000-0000-0000-0000-000000000000', 'david.kim@example.com', 
   crypt('password123', gen_salt('bf')), now(), now(), now(), 
   '{"username": "david_kim", "display_name": "David Kim"}', ''),
  (alex_user_id, '00000000-0000-0000-0000-000000000000', 'alex.johnson@example.com', 
   crypt('password123', gen_salt('bf')), now(), now(), now(), 
   '{"username": "alex_johnson", "display_name": "Alex Johnson"}', ''),
  (lisa_user_id, '00000000-0000-0000-0000-000000000000', 'lisa.martinez@example.com', 
   crypt('password123', gen_salt('bf')), now(), now(), now(), 
   '{"username": "lisa_martinez", "display_name": "Lisa Martinez"}', '')
  ON CONFLICT (id) DO NOTHING;

  -- Re-enable foreign key constraints
  SET session_replication_role = DEFAULT;

  -- Insert fake profiles
  INSERT INTO public.profiles (
    user_id, username, display_name, avatar_url, bio, created_at, updated_at
  ) VALUES
  
  (sarah_user_id, 'sarah_chen', 'Sarah Chen', 
   'https://images.unsplash.com/photo-1494790108755-2616b612b278?ixlib=rb-4.0.3&auto=format&fit=crop&w=150&q=80',
   'Senior Frontend Developer at TechCorp. Passionate about React, TypeScript, and building accessible web applications. Coffee enthusiast and open-source contributor.',
   now() - interval '3 months', now()),
   
  (michael_user_id, 'michael_rodriguez', 'Michael Rodriguez', 
   'https://images.unsplash.com/photo-1507003211169-0a1dd7228f2d?ixlib=rb-4.0.3&auto=format&fit=crop&w=150&q=80',
   'Full-Stack Developer and Architecture Consultant. Specializing in scalable React applications and Node.js backends. Speaker at tech conferences worldwide.',
   now() - interval '2 months', now()),
   
  (emily_user_id, 'emily_watson', 'Emily Watson', 
   'https://images.unsplash.com/photo-1438761681033-6461ffad8d80?ixlib=rb-4.0.3&auto=format&fit=crop&w=150&q=80',
   'UX/UI Designer and Design Systems Advocate. Leading design at StartupXYZ. Focused on creating cohesive, user-centered experiences across digital products.',
   now() - interval '4 months', now()),
   
  (david_user_id, 'david_kim', 'David Kim', 
   'https://images.unsplash.com/photo-1472099645785-5658abf4ff4e?ixlib=rb-4.0.3&auto=format&fit=crop&w=150&q=80',
   'Engineering Manager and Remote Work Expert. Building and leading distributed teams for 8+ years. Author of "The Remote Manager" blog series.',
   now() - interval '1 month', now()),
   
  (alex_user_id, 'alex_johnson', 'Alex Johnson', 
   'https://images.unsplash.com/photo-1500648767791-00dcc994a43e?ixlib=rb-4.0.3&auto=format&fit=crop&w=150&q=80',
   'Senior TypeScript Developer and Code Quality Enthusiast. Maintainer of several open-source TypeScript tools. Advocate for type-safe development practices.',
   now() - interval '5 months', now()),
   
  (lisa_user_id, 'lisa_martinez', 'Lisa Martinez', 
   'https://images.unsplash.com/photo-1544005313-94ddf0286df2?ixlib=rb-4.0.3&auto=format&fit=crop&w=150&q=80',
   'Productivity Coach and Mindfulness Practitioner. Helping tech professionals find balance between high performance and well-being. Certified meditation instructor.',
   now() - interval '6 months', now())
   
  ON CONFLICT (user_id) DO NOTHING;

  -- Insert user roles for the fake users
  INSERT INTO public.user_roles (user_id, role, created_at) VALUES
  (sarah_user_id, 'editor', now()),
  (michael_user_id, 'editor', now()),
  (emily_user_id, 'editor', now()),
  (david_user_id, 'editor', now()),
  (alex_user_id, 'editor', now()),
  (lisa_user_id, 'editor', now())
  ON CONFLICT (user_id, role) DO NOTHING;

  -- Insert the blog posts with diverse authors
  INSERT INTO public.blog_posts (
    title, slug, excerpt, content, featured_image, category, tags, 
    status, author_id, published_at, created_at
  ) VALUES
  
  -- Post 1: Technology (by Sarah Chen)
  ('The Future of Web Development: Trends to Watch in 2024',
   'future-web-development-trends-2024',
   'Explore the latest trends shaping the future of web development, from AI integration to progressive web apps and beyond.',
   'The landscape of web development is evolving at an unprecedented pace. As we move through 2024, several key trends are reshaping how we build and interact with web applications.

**AI Integration is Becoming Standard**

Artificial Intelligence is no longer a futuristic concept—it''s becoming an integral part of modern web development. From AI-powered code completion tools like GitHub Copilot to intelligent user interfaces that adapt to user behavior, AI is transforming every aspect of the development process.

As a frontend developer, I''ve seen firsthand how AI tools are changing our daily workflows. Code suggestions are becoming more accurate, automated testing is getting smarter, and even design-to-code conversion is becoming a reality.

**Progressive Web Apps (PWAs) Gain Traction**

Progressive Web Apps continue to bridge the gap between web and native applications. With improved offline capabilities, push notifications, and app-like experiences, PWAs are becoming the go-to solution for businesses looking to provide seamless user experiences across all devices.

The statistics are compelling: PWAs can reduce bounce rates by up to 42% and increase user engagement significantly compared to traditional web applications.

**WebAssembly Opens New Possibilities**

WebAssembly (WASM) is enabling developers to bring high-performance applications to the web. From gaming to data visualization, WASM allows languages like C++, Rust, and Go to run at near-native speeds in the browser.

**The Rise of Edge Computing**

Edge computing is bringing computation closer to users, resulting in faster load times and better user experiences. Platforms like Cloudflare Workers and Vercel Edge Functions are making it easier than ever to deploy code at the edge.

**Conclusion**

The future of web development is bright, with these trends paving the way for more powerful, efficient, and user-friendly applications. Staying ahead of these trends will be crucial for developers looking to build tomorrow''s web experiences.',
   'https://images.unsplash.com/photo-1461749280684-dccba630e2f6?ixlib=rb-4.0.3&ixid=M3wxMjA3fDB8MHxwaG90by1wYWdlfHx8fGVufDB8fHx8fA%3D%3D&auto=format&fit=crop&w=1000&q=80',
   'Technology',
   ARRAY['Web Development', 'React', 'AI', 'Trends'],
   'published',
   sarah_user_id,
   '2024-12-15 10:00:00'::timestamp,
   '2024-12-14 15:30:00'::timestamp),

  -- Post 2: Development (by Michael Rodriguez)
  ('Building Scalable React Applications: Best Practices',
   'building-scalable-react-applications-best-practices',
   'Learn the essential patterns and practices for building React applications that can grow with your business needs.',
   'Building scalable React applications requires careful planning and adherence to proven patterns. After consulting with numerous companies on their React architecture, here are the essential practices that will help your applications grow sustainably.

**Component Architecture**

A well-thought-out component architecture is the foundation of scalable React applications. In my experience working with teams of all sizes, these principles consistently lead to maintainable codebases:

- **Single Responsibility**: Each component should have one clear purpose
- **Composition over Inheritance**: Build complex UIs by composing simple components
- **Container vs Presentational**: Separate logic from presentation

**State Management Strategy**

As your application grows, state management becomes increasingly important. I''ve seen teams struggle with this, so here''s my recommended approach:

- **Local State First**: Use component state for simple, localized data
- **Context for Shared State**: Use React Context for data that needs to be shared across components
- **External Libraries**: Consider Redux, Zustand, or Jotai for complex state management needs

The key is to start simple and evolve your state management strategy as your application grows.

**Performance Optimization**

Performance should be a consideration from day one, not an afterthought:

- **React.memo**: Prevent unnecessary re-renders of functional components
- **useMemo and useCallback**: Memoize expensive calculations and functions
- **Code Splitting**: Use React.lazy() and Suspense for lazy loading
- **Bundle Analysis**: Regularly analyze your bundle size and optimize imports

**Testing Strategy**

A comprehensive testing strategy is crucial for scalable applications:

- **Unit Tests**: Test individual components and functions
- **Integration Tests**: Test component interactions
- **End-to-End Tests**: Test complete user workflows

**Folder Structure**

Organize your code in a way that scales:

```
src/
  components/
    common/
    features/
  hooks/
  services/
  utils/
  types/
```

**Conclusion**

Building scalable React applications is an ongoing process that requires attention to architecture, performance, and maintainability. By following these best practices and adapting them to your specific needs, you''ll be well-equipped to handle growth and complexity.',
   'https://images.unsplash.com/photo-1633356122544-f134324a6cee?ixlib=rb-4.0.3&ixid=M3wxMjA3fDB8MHxwaG90by1wYWdlfHx8fGVufDB8fHx8fA%3D%3D&auto=format&fit=crop&w=1000&q=80',
   'Development',
   ARRAY['React', 'Architecture', 'Scalability', 'Best Practices'],
   'published',
   michael_user_id,
   '2024-12-12 14:00:00'::timestamp,
   '2024-12-11 16:20:00'::timestamp),

  -- Post 3: Design (by Emily Watson)
  ('Design Systems: Creating Consistency at Scale',
   'design-systems-creating-consistency-at-scale',
   'Discover how to build and maintain design systems that ensure consistency across large product teams and multiple platforms.',
   'Design systems are the backbone of consistent, scalable user interfaces. As a designer who has built design systems for both startups and enterprise companies, I can attest that they provide a shared language between designers and developers, ensuring that products maintain visual and functional consistency across all touchpoints.

**What is a Design System?**

A design system is much more than a style guide or component library. It''s a comprehensive ecosystem that includes:

- **Design Tokens**: Colors, typography, spacing, and other visual properties
- **Component Library**: Reusable UI components with defined behaviors
- **Documentation**: Guidelines on when and how to use each component
- **Tools and Resources**: Templates, plugins, and other assets

**Building Your Design System**

From my experience leading design system initiatives, start with these foundational elements:

**1. Establish Design Tokens**
Design tokens are the DNA of your design system. Define your color palette, typography scale, spacing system, and other core visual properties. These tokens become the building blocks of your entire system.

I recommend starting with these core tokens:
- Colors (primary, secondary, semantic colors)
- Typography (font families, sizes, weights, line heights)
- Spacing (margins, paddings, gaps)
- Border radius, shadows, and other visual effects

**2. Create Component Library**
Build a comprehensive library of reusable components. Start with basics like buttons, inputs, and cards, then expand to more complex patterns.

Each component should include:
- Multiple variants and states
- Clear usage guidelines
- Accessibility considerations
- Code examples

**3. Document Everything**
Clear documentation is crucial for adoption. Include usage guidelines, do''s and don''ts, and code examples for each component. I''ve found that teams are more likely to use the design system when documentation is comprehensive and easy to navigate.

**4. Governance and Maintenance**
Establish a process for updating and maintaining your design system. Regular reviews and updates ensure it stays relevant and useful. Create feedback loops with your team to continuously improve the system.

**Tools for Design Systems**

Popular tools that I recommend include:
- **Figma**: For design and prototyping
- **Storybook**: For component documentation and testing
- **Design Tokens Studio**: For managing design tokens
- **Chromatic**: For visual testing and regression detection

**Common Pitfalls to Avoid**

1. **Building in isolation**: Involve your team in the creation process
2. **Over-engineering**: Start simple and evolve over time
3. **Poor documentation**: Invest time in clear, comprehensive docs
4. **Lack of governance**: Establish clear processes for updates and maintenance

**Conclusion**

A well-implemented design system is an investment that pays dividends in consistency, efficiency, and user experience. Start small, document thoroughly, and iterate based on team feedback. Remember, a design system is never "done"—it''s a living, evolving tool that grows with your product and team.',
   'https://images.unsplash.com/photo-1581291518857-4e27b48ff24e?ixlib=rb-4.0.3&ixid=M3wxMjA3fDB8MHxwaG90by1wYWdlfHx8fGVufDB8fHx8fA%3D%3D&auto=format&fit=crop&w=1000&q=80',
   'Design',
   ARRAY['Design Systems', 'UI/UX', 'Consistency', 'Figma'],
   'published',
   emily_user_id,
   '2024-12-10 11:00:00'::timestamp,
   '2024-12-09 13:45:00'::timestamp),

  -- Post 4: Business (by David Kim)
  ('The Art of Remote Team Management',
   'art-of-remote-team-management',
   'Master the challenges of leading distributed teams with proven strategies for communication, productivity, and team building.',
   'Managing remote teams requires a different set of skills compared to traditional in-person management. After leading distributed teams for over 8 years, I''ve learned that success in remote management comes down to intentional communication, trust-building, and the right systems.

**Communication is Everything**

In remote work, communication becomes your primary management tool. Here''s what I''ve learned:

- **Over-communicate**: What feels like too much communication is often just right
- **Choose the Right Channels**: Async for updates, sync for discussions, video for important conversations
- **Document Decisions**: Keep written records of important decisions and discussions

One practice that has worked exceptionally well for my teams is the "communication hierarchy":
1. Slack/Teams for quick questions and updates
2. Email for formal communications and decisions
3. Video calls for complex discussions and relationship building
4. Documentation for processes and knowledge sharing

**Building Trust and Accountability**

Trust is the foundation of successful remote teams. Without the ability to "see" your team working, you must shift from monitoring activity to measuring outcomes:

- **Focus on Outcomes**: Measure success by results, not hours worked
- **Regular Check-ins**: Schedule consistent one-on-ones and team meetings
- **Transparency**: Share company goals, challenges, and successes openly

I''ve found that weekly one-on-ones are crucial. These aren''t status meetings—they''re opportunities to understand challenges, provide support, and maintain connection.

**Creating Connection**

Maintaining team cohesion across distances requires intentional effort:

- **Virtual Coffee Chats**: Encourage informal interactions
- **Team Building Activities**: Organize online games, virtual lunches, or shared experiences
- **In-Person Gatherings**: Plan periodic face-to-face meetings when possible

Some of my favorite team building activities include virtual escape rooms, online cooking classes, and "show and tell" sessions where team members share hobbies or interests.

**Technology and Tools**

The right tools can make or break remote collaboration. Here''s my essential toolkit:

- **Communication**: Slack, Microsoft Teams, or Discord
- **Project Management**: Asana, Trello, or Linear
- **Documentation**: Notion, Confluence, or Google Workspace
- **Video Conferencing**: Zoom, Google Meet, or Microsoft Teams

The key is choosing tools that your team will actually use and standardizing on them across the organization.

**Managing Time Zones**

Working across time zones presents unique challenges. Here''s my approach:

- **Core Hours**: Establish overlap hours when everyone is available
- **Async Workflows**: Design processes that don''t require real-time collaboration
- **Flexible Scheduling**: Allow team members to work during their most productive hours

For my global team, we have a 4-hour overlap window where everyone is available for meetings and real-time collaboration.

**Performance Management**

Remote performance management requires a different approach:

- **Clear Expectations**: Define what success looks like for each role
- **Regular Feedback**: Don''t wait for annual reviews
- **Goal Setting**: Use OKRs or similar frameworks to align efforts
- **Development Opportunities**: Provide growth paths and learning resources

**Conclusion**

Remote team management is both an art and a science. By focusing on communication, trust, and the right tools, you can build high-performing distributed teams that deliver exceptional results. The key is to be intentional about every aspect of remote work and continuously iterate based on what works for your specific team and culture.',
   'https://images.unsplash.com/photo-1522202176988-66273c2fd55f?ixlib=rb-4.0.3&ixid=M3wxMjA3fDB8MHxwaG90by1wYWdlfHx8fGVufDB8fHx8fA%3D%3D&auto=format&fit=crop&w=1000&q=80',
   'Business',
   ARRAY['Management', 'Remote Work', 'Leadership', 'Productivity'],
   'published',
   david_user_id,
   '2024-12-08 09:00:00'::timestamp,
   '2024-12-07 10:15:00'::timestamp),

  -- Post 5: Development (by Alex Johnson)
  ('TypeScript Tips for Better Code Quality',
   'typescript-tips-better-code-quality',
   'Elevate your TypeScript skills with advanced techniques that will make your code more robust and maintainable.',
   'TypeScript has become an essential tool for building robust JavaScript applications. As a maintainer of several TypeScript tools and having worked with TypeScript since its early days, I''d like to share some advanced tips to help you write better, more maintainable TypeScript code.

**Leverage Advanced Type Features**

TypeScript offers powerful type features beyond basic typing. Here are some that can significantly improve your code quality:

**1. Union and Intersection Types**
```typescript
type Status = ''loading'' | ''success'' | ''error'';
type UserWithId = User & { id: string };

// Use discriminated unions for better type safety
type ApiResult<T> = 
  | { status: ''success''; data: T }
  | { status: ''error''; error: string }
  | { status: ''loading'' };
```

**2. Conditional Types**
```typescript
type ApiResponse<T> = T extends string 
  ? { message: string } 
  : T extends number 
  ? { count: number } 
  : never;

// More practical example
type NonNullable<T> = T extends null | undefined ? never : T;
```

**3. Mapped Types**
```typescript
type Partial<T> = {
  [P in keyof T]?: T[P];
};

// Create a type where all properties are strings
type Stringify<T> = {
  [K in keyof T]: string;
};
```

**Type Guards and Narrowing**

Type guards are essential for safe type narrowing. Here are some patterns I use regularly:

```typescript
// Basic type guard
function isString(value: unknown): value is string {
  return typeof value === ''string'';
}

// More complex type guard
function isUser(obj: unknown): obj is User {
  return typeof obj === ''object'' && 
         obj !== null && 
         ''id'' in obj && 
         ''name'' in obj;
}

// Using type predicates with arrays
function filterUsers(items: unknown[]): User[] {
  return items.filter(isUser);
}
```

**Utility Types Mastery**

TypeScript''s built-in utility types are incredibly powerful. Here are the ones I use most:

- **Partial<T>**: Makes all properties optional
- **Required<T>**: Makes all properties required
- **Pick<T, K>**: Selects specific properties
- **Omit<T, K>**: Excludes specific properties
- **Record<K, T>**: Creates an object type with specific keys

```typescript
interface User {
  id: string;
  name: string;
  email: string;
  age: number;
}

type UserPreview = Pick<User, ''id'' | ''name''>; // { id: string; name: string; }
type UserUpdate = Partial<Omit<User, ''id''>>; // Optional name, email, age
type UserRoles = Record<string, ''admin'' | ''user'' | ''guest''>;
```

**Configuration Best Practices**

Your TypeScript configuration can make or break your development experience. Here''s my recommended strict configuration:

```json
{
  "compilerOptions": {
    "strict": true,
    "noImplicitAny": true,
    "strictNullChecks": true,
    "noImplicitReturns": true,
    "noUnusedLocals": true,
    "noUnusedParameters": true,
    "exactOptionalPropertyTypes": true,
    "noUncheckedIndexedAccess": true
  }
}
```

**Error Handling with Types**

Use discriminated unions for better error handling:

```typescript
type Result<T, E = Error> = 
  | { success: true; data: T }
  | { success: false; error: E };

async function fetchUser(id: string): Promise<Result<User, string>> {
  try {
    const user = await api.getUser(id);
    return { success: true, data: user };
  } catch (error) {
    return { success: false, error: error.message };
  }
}

// Usage
const result = await fetchUser(''123'');
if (result.success) {
  console.log(result.data.name); // TypeScript knows this is User
} else {
  console.error(result.error); // TypeScript knows this is string
}
```

**Template Literal Types**

One of my favorite recent additions to TypeScript:

```typescript
type HttpMethod = ''GET'' | ''POST'' | ''PUT'' | ''DELETE'';
type Endpoint = `/api/${string}`;
type ApiUrl = `${HttpMethod} ${Endpoint}`;

// Usage
const apiCall: ApiUrl = ''GET /api/users''; // ✅ Valid
const invalid: ApiUrl = ''PATCH /users''; // ❌ Type error
```

**Performance Tips**

- Use `const assertions` for better inference: `as const`
- Prefer interfaces over type aliases for object shapes
- Use `unknown` instead of `any` when possible
- Be careful with complex conditional types—they can slow compilation

**Conclusion**

These advanced TypeScript techniques will help you write more robust, maintainable code. The key is to leverage TypeScript''s type system to catch errors at compile time and provide better developer experience. Start incorporating these patterns gradually, and you''ll find your code becomes more reliable and easier to refactor.

Remember: good TypeScript code is about finding the right balance between type safety and development velocity. Don''t over-engineer your types, but don''t be afraid to use advanced features when they add real value.',
   'https://images.unsplash.com/photo-1516116216624-53e697fedbea?ixlib=rb-4.0.3&ixid=M3wxMjA3fDB8MHxwaG90by1wYWdlfHx8fGVufDB8fHx8fA%3D%3D&auto=format&fit=crop&w=1000&q=80',
   'Development',
   ARRAY['TypeScript', 'Code Quality', 'JavaScript', 'Best Practices'],
   'published',
   alex_user_id,
   '2024-12-05 16:00:00'::timestamp,
   '2024-12-04 14:30:00'::timestamp),

  -- Post 6: Lifestyle (by Lisa Martinez)
  ('Mindful Productivity: Working Smarter, Not Harder',
   'mindful-productivity-working-smarter-not-harder',
   'Discover how mindfulness practices can revolutionize your approach to productivity and work-life balance.',
   'In our always-connected world, the pursuit of productivity often leads to burnout and decreased well-being. As a productivity coach who has worked with hundreds of tech professionals, I''ve seen the toll that "hustle culture" can take. Mindful productivity offers a different approach: working with intention, focus, and awareness.

**What is Mindful Productivity?**

Mindful productivity combines the principles of mindfulness with effective work practices. It''s not about doing more—it''s about doing what matters with full presence and intention. This approach focuses on:

- **Intentional Focus**: Choosing what deserves your attention
- **Present Moment Awareness**: Being fully engaged in current tasks
- **Sustainable Practices**: Building habits that support long-term well-being

**The Science Behind Mindful Productivity**

Research shows that mindfulness practices can:
- Improve focus and concentration by up to 50%
- Reduce stress and anxiety levels
- Enhance creativity and problem-solving abilities
- Increase job satisfaction and overall well-being

**Core Principles**

**1. Single-Tasking**
Despite popular belief, multitasking reduces efficiency and increases stress. Our brains aren''t wired to handle multiple complex tasks simultaneously. Focus on one task at a time for better results and less mental fatigue.

When I work with clients, we often start by eliminating multitasking entirely for one week. The results are always remarkable—better quality work, less stress, and improved satisfaction.

**2. Mindful Breaks**
Regular breaks aren''t just beneficial—they''re essential for sustained performance. Use break time for:
- Deep breathing exercises (even 2 minutes helps)
- Short walks without devices
- Meditation or mindfulness practices
- Gentle stretching or movement

**3. Digital Boundaries**
Create healthy relationships with technology:
- Designated phone-free times during deep work
- Mindful email checking (2-3 times per day instead of constant monitoring)
- Evening digital curfews to protect sleep quality

**Practical Techniques**

**The Pomodoro Technique with Mindfulness**
I''ve adapted the classic Pomodoro Technique to include mindfulness:
- 25 minutes of focused work (single-tasking)
- 5-minute mindful break (breathing, stretching, or brief meditation)
- Repeat 3-4 cycles
- Longer mindful break (15-30 minutes) after completing cycles

**Mindful Planning**
Start each day with intention rather than reaction:
- Review your priorities mindfully (not while checking email)
- Set realistic expectations based on your energy and capacity
- Identify your most important tasks (MIT) for the day
- Schedule tasks based on your natural energy rhythms

**Energy Management Over Time Management**
Work with your natural rhythms rather than against them:
- Identify your peak energy times (track for a week)
- Schedule important, creative work during these periods
- Use low-energy times for routine tasks like email or admin work
- Respect your natural need for rest and recovery

**The STOP Technique**
When feeling overwhelmed, use this simple practice:
- **S**top what you''re doing
- **T**ake a breath
- **O**bserve your current state (thoughts, feelings, body sensations)
- **P**roceed with intention

**Building Sustainable Habits**

**Start Small**
Begin with just 5 minutes of mindfulness daily. I recommend starting with:
- 5 minutes of morning breathing exercises
- One mindful transition between tasks
- A brief evening reflection

**Be Compassionate**
Treat yourself with kindness when you inevitably get distracted or fall off track. Self-compassion is more motivating than self-criticism.

**Regular Practice**
Incorporate mindfulness into existing routines rather than adding new time commitments:
- Mindful commuting (if applicable)
- Mindful eating during lunch
- Mindful transitions between meetings

**Measuring Success**

Track these metrics instead of just hours worked:
- Quality of work produced
- Stress levels throughout the day
- Energy levels at day''s end
- Overall satisfaction and fulfillment

**Common Challenges and Solutions**

**"I don''t have time for mindfulness"**
Start with micro-practices: 30 seconds of breathing between tasks, mindful hand-washing, or conscious walking to meetings.

**"My mind is too busy"**
That''s exactly why you need mindfulness! A busy mind benefits most from these practices.

**"It feels selfish"**
Taking care of your well-being makes you more effective and better able to help others.

**Conclusion**

Mindful productivity isn''t about perfection—it''s about progress. By incorporating these practices gradually, you''ll find yourself not just more productive, but more fulfilled and balanced. The goal isn''t to eliminate stress entirely but to develop a healthier relationship with it.

Remember: sustainable productivity is about creating systems that support both your performance and your well-being. When you take care of yourself, everything else flows more naturally.',
   'https://images.unsplash.com/photo-1506905925346-21bda4d32df4?ixlib=rb-4.0.3&ixid=M3wxMjA3fDB8MHxwaG90by1wYWdlfHx8fGVufDB8fHx8fA%3D%3D&auto=format&fit=crop&w=1000&q=80',
   'Lifestyle',
   ARRAY['Productivity', 'Mindfulness', 'Work-Life Balance', 'Wellness'],
   'published',
   lisa_user_id,
   '2024-12-03 12:00:00'::timestamp,
   '2024-12-02 15:45:00'::timestamp);

  -- Success message
  RAISE NOTICE '🎉 Database seeded successfully with fake users and profiles!';
  RAISE NOTICE '✅ Created 6 fake user accounts with complete profiles';
  RAISE NOTICE '✅ Created 6 blog posts with diverse authors';
  RAISE NOTICE '✅ All users have editor roles and realistic bios';
  RAISE NOTICE '✅ Avatar images from Unsplash for visual appeal';
  RAISE NOTICE '';
  RAISE NOTICE 'Fake Users Created:';
  RAISE NOTICE '- Sarah Chen (Frontend Developer)';
  RAISE NOTICE '- Michael Rodriguez (Full-Stack Developer)';
  RAISE NOTICE '- Emily Watson (UX/UI Designer)';
  RAISE NOTICE '- David Kim (Engineering Manager)';
  RAISE NOTICE '- Alex Johnson (TypeScript Expert)';
  RAISE NOTICE '- Lisa Martinez (Productivity Coach)';
  RAISE NOTICE '';
  RAISE NOTICE 'Blog Posts Created:';
  RAISE NOTICE '- Technology: The Future of Web Development (Sarah)';
  RAISE NOTICE '- Development: Building Scalable React Applications (Michael)';
  RAISE NOTICE '- Design: Design Systems at Scale (Emily)';
  RAISE NOTICE '- Business: Remote Team Management (David)';
  RAISE NOTICE '- Development: TypeScript Tips (Alex)';
  RAISE NOTICE '- Lifestyle: Mindful Productivity (Lisa)';
  RAISE NOTICE '';
  RAISE NOTICE 'Your blog now has realistic content with diverse authors!';
  RAISE NOTICE 'You can use these credentials to test auth: password123';

END;
$$;
